uniprot_id	rsid	protein_pos	Domain
Q9UPW0	rs343376	162	DNA_BIND|Fork-head; REGION|Disordered
Q8IX15	rs1055061	502	DNA_BIND|Homeobox 3
O95947	rs56098093	162	DNA_BIND|T-box
Q13342	rs4973308	797	DOMAIN|Bromo
Q13342	rs62192163	756	DOMAIN|Bromo
Q9NZI7	rs3736563	109	DOMAIN|Grh/CP2 DB
P17019	rs547516	71	DOMAIN|KRAB
P17017	rs760161139	44	DOMAIN|KRAB
Q6PDB4	rs14048	12	DOMAIN|KRAB
Q8NEK5	rs17856896	58	DOMAIN|KRAB
Q15776	rs62401435	296	DOMAIN|KRAB
A2RRD8	rs28462670	8	DOMAIN|KRAB
B7Z6K7	rs544337361	84	DOMAIN|KRAB
Q15937	rs4504745	51	DOMAIN|KRAB
Q9GZX5	rs2278420	66	DOMAIN|KRAB
Q5CZA5	rs2014572	68	DOMAIN|KRAB
Q68EA5	rs117724451	56	DOMAIN|KRAB
Q5FWF6	rs6962772	77	DOMAIN|KRAB
Q15935	rs12609268	5	DOMAIN|KRAB
Q15935	rs4807371	70	DOMAIN|KRAB
P17027	rs2070832	28	DOMAIN|KRAB
Q9UK11	rs3826941	74	DOMAIN|KRAB
Q08AN1	rs35582075	50	DOMAIN|KRAB
P52742	rs1469087	22	DOMAIN|KRAB
Q08ER8	rs6510057	55	DOMAIN|KRAB
Q9UL58	rs1338891365	182	DOMAIN|KRAB
Q0VGE8	rs12459008	80	DOMAIN|KRAB
Q14588	rs2293587	16	DOMAIN|KRAB
Q6ZN06	rs2617667	62	DOMAIN|KRAB
O95780	rs7255165	65	DOMAIN|KRAB
Q96N58	rs558534117	40	DOMAIN|KRAB
Q96N58	rs201289789	44	DOMAIN|KRAB
P17036	rs11550034	102	DOMAIN|KRAB
Q9UJW8	rs2253563	89	DOMAIN|KRAB
Q9UJL9	rs2272994	115	DOMAIN|KRAB
P17032	rs117193245	70	DOMAIN|KRAB
Q96N58	rs1287602894	28	DOMAIN|KRAB
Q8NHY6	rs34136271	141	DOMAIN|KRAB 1
Q5CZA5	rs3746231	81	DOMAIN|KRAB; REGION|Disordered
P28702	rs6531	384	DOMAIN|NR LBD
Q92731	rs1441404806	379	DOMAIN|NR LBD
P03372	rs1356474609	434	DOMAIN|NR LBD; REGION|Interaction with AKAP13; REGION|Self-association; REGION|Transactivation AF-2
P21675	rs28382158	290	DOMAIN|Protein kinase 1
Q9UL58	rs11041108	119	DOMAIN|SCAN box
Q96LW9	rs853678	50	DOMAIN|SCAN box
P04198	rs750750877	426	DOMAIN|bHLH
Q5VIY5	rs58239286	210	NA
Q86TJ5	rs867169	211	NA
Q6ZMW2	rs34763627	246	NA
Q8TB69	rs749083016	128	NA
Q6ZMW2	rs4645656	165	NA
Q13342	rs3820975	356	NA
Q8TAW3	rs3746207	149	NA
Q86UP8	rs2529320	500	NA
Q6PK81	rs55823456	99	NA
Q8TAU3	rs145569539	189	NA
Q6PK81	rs61731281	97	NA
Q8TAU3	rs3826671	173	NA
Q13950	rs749974335	78	NA
Q86UP8	rs707395	601	NA
Q6ZMW2	rs7870376	130	NA
Q13129	rs34141181	1685	NA
Q8TB69	rs8094412	229	NA
Q6PDB4	rs76053634	406	NA
Q03938	rs1555706096	365	NA
Q8WV37	rs13343641	177	NA
Q8TF47	rs1177648	439	NA
Q08050	rs28990715	402	NA
Q8TF47	rs61746929	114	NA
Q7Z7L9	rs2044502	191	NA
Q6ZN06	rs35712939	146	NA
Q86TJ5	rs867168	190	NA
Q08ER8	rs8100491	107	NA
Q8TF39	rs748174222	315	NA
Q8TD23	rs11671053	197	NA
Q08ER8	rs10410649	573	NA
Q8TB69	rs1293941808	279	NA
Q8TB69	rs61730995	257	NA
Q6ZN06	rs3859494	192	NA
Q6PDB4	rs75346003	406	NA
Q8NEM1	rs10243954	523	NA
Q8IWI9	rs17677991	1523	NA
Q8IWI9	rs2178004	716	NA
Q68EA5	rs2288958	223	NA
Q5CZA5	rs10421632	195	NA
Q68DE3	rs75025102	1818	NA
Q8IZC7	rs59327775	127	NA
Q8IZ20	rs10794531	53	NA
Q5VVJ2	rs232777	825	NA
Q8IZ20	rs10794532	48	NA
Q5VVJ2	rs12139511	264	NA
Q8IWY8	rs3917221	199	NA
Q5VVJ2	rs17118103	200	NA
Q5VIY5	rs61732713	124	NA
Q5VIY5	rs61729942	146	NA
Q5VIY5	rs61729939	151	NA
Q5VIY5	rs61747364	163	NA
Q8WXB4	rs11673029	141	NA
Q8N7M2	rs2195980	314	NA
Q8N7M2	rs1061768	629	NA
Q2VY69	rs8113249	577	NA
Q6PDB4	rs324125	150	NA
Q6P9A1	rs2360543	110	NA
Q8NB42	rs2385182	301	NA
Q8N9Z0	rs2241586	131	NA
Q15723	rs1397088980	506	NA
Q86V71	rs2562473	650	NA
Q15935	rs12610412	3	NA
Q86UP8	rs707394	605	NA
Q6P280	rs2912444	131	NA
Q15937	rs13292096	31	NA
Q86YE8	rs776903031	551	NA
Q8N8Z8	rs799193	122	NA
Q9Y5A6	rs11558476	20	NA
Q8N7M2	rs200500734	643	NA
Q8N7M2	rs1061769	638	NA
Q8N7M2	rs2356437	638	NA
Q86YE8	rs3752365	186	NA
Q4G112	rs3803752	473	NA
P52746	rs2230115	541	NA
Q02086	rs2228253	203	NA
Q9NV72	rs162832	70	NA
Q9NUA8	rs45502998	1237	NA
O75123	rs150073213	149	NA
O75132	rs910799	420	NA
Q9NUA8	rs209729	595	NA
O75626	rs2185379	74	NA
O94983	rs16942615	903	NA
Q9NRE2	rs739869	113	NA
Q9NV72	rs366793	182	NA
O95365	rs3745985	177	NA
Q9NR83	rs8957	233	NA
O95863	rs4647958	118	NA
Q9HCG1	rs8105668	82	NA
Q9H8N7	rs75444725	465	NA
Q969W8	rs2967532	126	NA
P0CF97	rs2302469	2	NA
P0CF97	rs11729955	344	NA
P0CF97	rs4235380	443	NA
O95780	rs17679334	450	NA
Q9NZL3	rs2068061	118	NA
O15015	rs749671	234	NA
O14978	rs220379	310	NA
A6NFI3	rs2253869	156	NA
A6NFI3	rs2464876	995	NA
A6NHJ4	rs1485898206	285	NA
Q9UK11	rs6509138	138	NA
Q9UJW8	rs116970833	278	NA
A6NK53	rs766444460	129	NA
A6NK53	rs1233428	531	NA
A6NK53	rs2884015	662	NA
Q9UJW8	rs1897820	272	NA
Q9UJW8	rs2571108	41	NA
Q9UH92	rs665268	223	NA
B4DU55	rs17078988	112	NA
B4DU55	rs17078991	159	NA
B7Z6K7	rs10412929	268	NA
Q9NZL3	rs3746319	640	NA
Q9NZL3	rs4508518	369	NA
B7Z6K7	rs201682072	404	NA
O14901	rs35927125	62	NA
Q9NZL3	rs4239529	162	NA
P0CF97	rs1285496166	470	NA
P0CG23	rs2243563	8	NA
Q9H5H4	rs10871453	181	NA
Q9GZX5	rs2278415	501	NA
P17019	rs504280	130	NA
P17027	rs72795864	144	NA
P17035	rs13382164	179	NA
P17035	rs10417163	465	NA
Q96SQ5	rs201869821	322	NA
Q96NJ3	rs1836280	570	NA
Q96NJ3	rs12610859	536	NA
P17097	rs1735169	188	NA
Q96N20	rs17611866	84	NA
P17019	rs1781873	113	NA
P41162	rs2231856	234	NA
P50549	rs9639168	100	NA
Q96MU6	rs4785626	278	NA
Q96MU6	rs7201172	249	NA
Q96MU6	rs117690401	171	NA
Q96MU6	rs28417933	164	NA
Q96LW9	rs753760721	346	NA
Q96LW9	rs853684	205	NA
Q6ZSB9	rs2920217	320	NA
Q96K58	rs8046978	447	NA
P49716	rs765048834	261	NA
P17017	rs12973901	274	NA
P17028	rs2032729	220	NA
Q6ZSB9	rs34293093	642	NA
P10071	rs35364414	1537	NA
P10071	rs1048260302	1107	NA
Q9BZE0	rs1253451252	521	NA
P10071	rs770587326	1560	NA
Q9C0G0	rs948615	972	NA
P10071	rs761143091	1116	NA
P10075	rs1056148	180	NA
P0CJ79	rs7255668	137	NA
P13682	rs2272044	2	NA
P0CG23	rs11971880	212	NA
Q14209	rs2075995	226	REGION|Dimerization
Q96GC6	rs7256349	147	REGION|Disordered
Q8N0Y2	rs61736532	107	REGION|Disordered
Q96C28	rs6987308	96	REGION|Disordered
Q96BV0	rs13225910	428	REGION|Disordered
Q9C0G0	rs7227263	512	REGION|Disordered
Q7Z7K2	rs6965332	324	REGION|Disordered
Q9HBZ2	rs4072568	679	REGION|Disordered
Q9UDV7	rs11547158	670	REGION|Disordered
Q8IWI9	rs1918314	1296	REGION|Disordered
Q8IWI9	rs17677811	1270	REGION|Disordered
Q86V15	rs771135657	1713	REGION|Disordered
Q9P243	rs142331855	546	REGION|Disordered
Q9P243	rs12541381	102	REGION|Disordered
Q9BU19	rs13313088	230	REGION|Disordered
Q8IWY8	rs3809482	104	REGION|Disordered
Q96SQ7	rs749669556	99	REGION|Disordered
Q8NEA6	rs1398432795	294	REGION|Disordered
Q9NUA8	rs6659222	225	REGION|Disordered
Q9H4Z2	rs6032606	294	REGION|Disordered
Q8NEA6	rs6415788	301	REGION|Disordered
Q8IWI9	rs2695163	1969	REGION|Disordered
Q8IZ20	rs11247933	288	REGION|Disordered
Q9UDV7	rs10255054	473	REGION|Disordered
Q6DD87	rs4077285	379	REGION|Disordered
Q9Y6Q3	rs2282076	7	REGION|Disordered
Q5JPB2	rs183636700	537	REGION|Disordered
Q16534	rs1040249035	158	REGION|Disordered
Q16534	rs1485495525	59	REGION|Disordered
Q15361	rs3739915	360	REGION|Disordered
Q15361	rs8999	290	REGION|Disordered
Q13129	rs10889205	1784	REGION|Disordered
B2RXF5	rs200434987	131	REGION|Disordered
O15209	rs3130100	310	REGION|Disordered
Q06416	rs542388560	2	REGION|Disordered
B2RXF5	rs34284721	134	REGION|Disordered
Q5JPB2	rs56057707	890	REGION|Disordered
Q03164	rs2071702	2415	REGION|Disordered
P52746	rs3770213	956	REGION|Disordered
P52746	rs3770214	751	REGION|Disordered
P22670	rs2305780	370	REGION|Disordered
P17542	rs767980860	309	REGION|Disordered
O15015	rs749670	327	REGION|Disordered
O15015	rs35713203	921	REGION|Disordered
P0CG23	rs940873	56	REGION|Disordered
P0CG23	rs1806552	30	REGION|Disordered
O95863	rs4647959	93	REGION|Disordered
O95231	rs2240892	42	REGION|Disordered
B2RXF5	rs4983387	232	REGION|Disordered
Q5JPB2	rs55786258	1022	REGION|Disordered
Q08050	rs2215292	546	REGION|Disordered
O15015	rs7196726	1477	REGION|Disordered
Q6XYB7	rs145067241	36	REGION|Disordered
Q5JPB2	rs259956	1513	REGION|Disordered
Q6DD87	rs4077285	378	REGION|Disordered
Q13342	rs4972945	512	REGION|Disordered; MOTIF|Nuclear localization signal
Q9BQA5	rs100803	493	REGION|Interaction with NPAT
Q9BQA5	rs512703	478	REGION|Interaction with NPAT
P84022	rs35874463	170	REGION|Linker; REGION|Disordered
Q15361	rs556386	755	REGION|May be involved in interaction with ARF
Q14653	rs7251	427	REGION|Mediates interaction with ZDHHC11
P08235	rs5522	180	REGION|Modulating
P08235	rs5525	499	REGION|Modulating
P03372	rs1243016506	58	REGION|Modulating (transactivation AF-1); mediates interaction with MACROD1; REGION|Interaction with DDX5; self-association
O14948	rs140366806	34	REGION|Necessary for transcriptional transactivation
Q96SR6	rs3108171	168	REGION|Represses transcription
P08047	rs3741651	480	REGION|Transactivation domain B (Gln-rich)
Q13948	rs2230103	545	TOPO_DOM|Cytoplasmic
Q13948	rs803064	464	TOPO_DOM|Cytoplasmic
Q12772	rs2228314	595	TOPO_DOM|Cytoplasmic
Q96MX3	rs61978578	130	ZN_FING|C2H2-type 1
Q8IZC7	rs4808209	121	ZN_FING|C2H2-type 1
Q5VIY5	rs10419826	477	ZN_FING|C2H2-type 10
Q14593	rs2017252	461	ZN_FING|C2H2-type 10
P17039	rs1345658	379	ZN_FING|C2H2-type 10
Q5SXM1	rs61740826	351	ZN_FING|C2H2-type 10
P17039	rs765746	400	ZN_FING|C2H2-type 11
Q8TAU3	rs10416584	495	ZN_FING|C2H2-type 11
Q6IQ21	rs4923849	672	ZN_FING|C2H2-type 11
Q5VIY5	rs75548544	499	ZN_FING|C2H2-type 11
Q6PDB4	rs55748277	471	ZN_FING|C2H2-type 11
Q3MIS6	rs146381631	507	ZN_FING|C2H2-type 11
P17035	rs8107444	524	ZN_FING|C2H2-type 12
Q03938	rs374696166	489	ZN_FING|C2H2-type 12
P0CJ79	rs55809029	533	ZN_FING|C2H2-type 12
Q96MU6	rs9921361	553	ZN_FING|C2H2-type 12
Q96MU6	rs28415940	534	ZN_FING|C2H2-type 12
Q9HCG1	rs78382850	576	ZN_FING|C2H2-type 12
Q96PQ6	rs9305035	550	ZN_FING|C2H2-type 12
P10072	rs3745764	628	ZN_FING|C2H2-type 12
Q9C0G0	rs12327359	1503	ZN_FING|C2H2-type 13
Q9UJW7	rs1434579	662	ZN_FING|C2H2-type 13
Q9HCX3	rs34411126	548	ZN_FING|C2H2-type 13
A6NHJ4	rs4955216	609	ZN_FING|C2H2-type 14
P52740	rs147275148	575	ZN_FING|C2H2-type 14
Q96MU6	rs60437616	639	ZN_FING|C2H2-type 15
Q2VY69	rs8113249	546	ZN_FING|C2H2-type 15; degenerate
O75820	rs17772514	602	ZN_FING|C2H2-type 16
P0CJ79	rs370907854	642	ZN_FING|C2H2-type 16
Q6P3V2	rs4805206	627	ZN_FING|C2H2-type 17
Q96MU6	rs118093429	673	ZN_FING|C2H2-type 17; degenerate
Q9UJW7	rs55700709	812	ZN_FING|C2H2-type 18
O43361	rs7246856	771	ZN_FING|C2H2-type 19; degenerate
Q8N823	rs4085565	252	ZN_FING|C2H2-type 1; degenerate
P17039	rs1811	123	ZN_FING|C2H2-type 1; degenerate
Q96SE7	rs2195310	264	ZN_FING|C2H2-type 1; degenerate
Q96GE5	rs12974755	142	ZN_FING|C2H2-type 1; degenerate
Q8N9Z0	rs321937	216	ZN_FING|C2H2-type 1; degenerate
P51522	rs1056185	96	ZN_FING|C2H2-type 1; degenerate
Q6PDB4	rs8104812	202	ZN_FING|C2H2-type 1; degenerate
Q6PDB4	rs8104808	198	ZN_FING|C2H2-type 1; degenerate
Q8N823	rs34846371	252	ZN_FING|C2H2-type 1; degenerate
Q8N823	rs4085566	252	ZN_FING|C2H2-type 1; degenerate
P0CJ79	rs6509702	249	ZN_FING|C2H2-type 2
Q9GZX5	rs4988334	236	ZN_FING|C2H2-type 2
Q9UJW8	rs2020083	391	ZN_FING|C2H2-type 2
Q86V71	rs35782355	182	ZN_FING|C2H2-type 2
P17098	rs260471	303	ZN_FING|C2H2-type 2
Q08ER8	rs1968090	246	ZN_FING|C2H2-type 2
Q96IR2	rs55874600	807	ZN_FING|C2H2-type 22
A8MQ14	rs768445115	861	ZN_FING|C2H2-type 24
Q8TF20	rs61793704	718	ZN_FING|C2H2-type 24; degenerate
P52746	rs200757676	1569	ZN_FING|C2H2-type 29
P52740	rs1465789	252	ZN_FING|C2H2-type 3
Q9NQV6	rs2241571	573	ZN_FING|C2H2-type 3
B7Z6K7	rs545083939	284	ZN_FING|C2H2-type 3
B7Z6K7	rs1002681164	287	ZN_FING|C2H2-type 3
Q52M93	rs45626541	231	ZN_FING|C2H2-type 3
Q9NZL3	rs7508149	251	ZN_FING|C2H2-type 3
Q6ZNH5	rs12609654	174	ZN_FING|C2H2-type 3
Q5VIY5	rs10420793	282	ZN_FING|C2H2-type 3
B4DX44	rs11976837	209	ZN_FING|C2H2-type 3
Q13106	rs2188736	182	ZN_FING|C2H2-type 3
Q9NV72	rs373554	337	ZN_FING|C2H2-type 3
Q8TF20	rs72501950	130	ZN_FING|C2H2-type 3; degenerate
A8MQ14	rs1673082	267	ZN_FING|C2H2-type 3; degenerate
Q86YE8	rs3752365	224	ZN_FING|C2H2-type 4
Q8TAU3	rs3745133	316	ZN_FING|C2H2-type 4
Q08ER8	rs35238720	287	ZN_FING|C2H2-type 4
B7Z6K7	rs547841366	310	ZN_FING|C2H2-type 4
Q5T5D7	rs41268079	244	ZN_FING|C2H2-type 4
P52738	rs710945	264	ZN_FING|C2H2-type 4
Q14592	rs2041109	299	ZN_FING|C2H2-type 4
Q9UL58	rs1233105746	494	ZN_FING|C2H2-type 4
Q5HYK9	rs3760849	260	ZN_FING|C2H2-type 4
Q9H4Z2	rs16990964	541	ZN_FING|C2H2-type 4
Q7Z398	rs10410631	291	ZN_FING|C2H2-type 4
A6NFI3	rs1474419	460	ZN_FING|C2H2-type 5
B7Z6K7	rs1384167103	342	ZN_FING|C2H2-type 5
Q9ULM2	rs3745651	296	ZN_FING|C2H2-type 5
A6NHJ4	rs13087612	351	ZN_FING|C2H2-type 5
A6NHJ4	rs13065048	358	ZN_FING|C2H2-type 5
Q96MU6	rs373485667	350	ZN_FING|C2H2-type 5
Q96SQ5	rs77577775	329	ZN_FING|C2H2-type 5
Q8IVC4	rs7257872	301	ZN_FING|C2H2-type 5
Q8IVP9	rs141614487	243	ZN_FING|C2H2-type 5
A6NHJ4	rs13064905	348	ZN_FING|C2H2-type 5
Q3KP31	rs117380840	234	ZN_FING|C2H2-type 5
Q8NCK3	rs12354886	252	ZN_FING|C2H2-type 5
Q9UJL9	rs142239725	438	ZN_FING|C2H2-type 6
Q7Z398	rs1548476	359	ZN_FING|C2H2-type 6
Q86V71	rs143458227	288	ZN_FING|C2H2-type 6
Q8IWY8	rs35278805	836	ZN_FING|C2H2-type 6
Q5VIY5	rs12462929	374	ZN_FING|C2H2-type 6
Q9BQA5	rs562905964	271	ZN_FING|C2H2-type 6
Q8N7M2	rs957569	361	ZN_FING|C2H2-type 6
Q9Y2Q1	rs749176748	355	ZN_FING|C2H2-type 7
Q96JL9	rs3764626	537	ZN_FING|C2H2-type 7
Q9C0F3	rs2849028	314	ZN_FING|C2H2-type 7
P0CJ79	rs2870128	401	ZN_FING|C2H2-type 7
Q0VGE8	rs8110062	417	ZN_FING|C2H2-type 7
Q14588	rs182005583	324	ZN_FING|C2H2-type 7
Q9Y2Q1	rs758809860	358	ZN_FING|C2H2-type 7
Q15937	rs151218737	365	ZN_FING|C2H2-type 7
Q6ZR52	rs4621113	195	ZN_FING|C2H2-type 7; degenerate
Q6ZMW2	rs75989782	491	ZN_FING|C2H2-type 8
Q8IYN0	rs7246400	389	ZN_FING|C2H2-type 8
Q6IV72	rs1137432	435	ZN_FING|C2H2-type 8
Q9UK11	rs4433920	391	ZN_FING|C2H2-type 8
Q9NV72	rs3745102	495	ZN_FING|C2H2-type 8
O75437	rs61737180	410	ZN_FING|C2H2-type 8
P51522	rs75857698	293	ZN_FING|C2H2-type 8
P51522	rs113015820	290	ZN_FING|C2H2-type 8
Q96MU6	rs74033443	422	ZN_FING|C2H2-type 8
Q96N38	rs2884554	331	ZN_FING|C2H2-type 8
P10072	rs3745765	513	ZN_FING|C2H2-type 8
A8MQ14	rs750617001	405	ZN_FING|C2H2-type 8
P51522	rs78207921	293	ZN_FING|C2H2-type 8
Q8TB69	rs759250910	505	ZN_FING|C2H2-type 9
A6NHJ4	rs1808125	464	ZN_FING|C2H2-type 9
Q8TB69	rs61609068	508	ZN_FING|C2H2-type 9
Q03923	rs146063134	378	ZN_FING|C2H2-type 9
Q6ZN06	rs10422163	439	ZN_FING|C2H2-type 9
Q03164	rs7107305	1890	ZN_FING|C2HC pre-PHD-type
